,predict,true
0,38.11479012717983,42.96174796591022
1,40.64140263609872,41.078721710779334
2,40.976109465808996,43.625791731956355
3,42.59672337665094,40.625406112864376
4,41.8387099683542,43.42211908847907
5,42.94040394194664,42.04854732658134
6,42.67173950297153,45.57631802867519
7,44.361753650830835,43.32237854315987
8,44.01825598124273,48.30111444198076
9,46.41393214328557,42.8323282314989
10,44.82427652054438,42.36071389979711
11,44.02008152910756,44.95855976665736
12,44.679223477086566,44.102784157553174
13,44.5403416697548,44.49376342253226
14,44.76627951546219,45.47303971518777
15,45.323659762166855,46.26669290659535
16,45.99075678990399,45.93532799674953
17,46.19023990222509,48.53368452037088
18,47.580807600991356,47.007046189862145
19,47.49366069755196,48.34987383437324
20,48.20474352271992,48.15601193343777
21,48.39241988171204,46.65705373331253
22,47.80066984159703,48.685931118232304
23,48.49054412361535,47.78365990470115
24,48.31990424193151,47.09848773237269
25,47.98211062654199,44.826554025899036
26,46.685552476764364,47.88822003047783
27,47.515950292575596,46.67872665568186
28,47.23460363488029,46.31734228716256
29,47.04533196068599,47.652433077327466
30,47.56283847665241,48.24980578804561
31,48.08544990000219,47.92755952063112
32,48.23426873688504,45.641391017059355
33,47.225742648216965,42.25637498474241
34,45.08469143509417,45.083681234125805
35,45.3379092272419,45.764508420596684
36,45.643683612817696,45.03658394528014
37,45.544725976097546,46.4731172747989
38,46.2372843192474,45.73554430890926
39,46.187099721159505,44.151190785970165
40,45.4523297793288,41.55206546002439
41,43.81209607477222,43.638937509107244
42,43.97820738162094,41.68392423034805
43,42.99230450469746,41.855449268566474
44,42.685660489948745,37.046842748107444
45,40.12845248775783,41.34523740877423
46,41.00207674884054,39.41498980379848
47,40.2914720649058,40.20223520896085
48,40.50288632081353,38.25015776230491
49,39.59770274718302,36.715134972734276
50,38.449764425787635,39.58057767182666
51,39.21486528717298,37.4266168899396
52,38.473211821487745,35.58534602677885
53,37.33989260019244,35.71879020457898
54,36.78321945225018,35.411389691483805
55,36.288367914215,34.36974742301187
56,35.54829347065508,34.482636206831344
57,35.24085718960606,32.98777143321574
58,34.32969439002238,33.02667565611638
59,33.917443914519836,38.09027137030453
60,36.12706871158384,35.01831650846697
61,35.70294208779998,36.49268749341301
62,36.42613716937461,36.804413566814276
63,36.81522154409045,37.825487995033086
64,37.5474381477352,38.26355310969392
65,38.124919329314935,35.39147195071436
66,37.04564514778106,37.49286198746522
67,37.55931658244495,35.294381201502034
68,36.61998748889476,36.315728856415454
69,36.73615448043271,40.21540718477039
70,38.60063779048352,38.43127456050295
71,38.673237683835566,38.70852979229778
72,39.004974146357966,37.32339326725631
73,38.42813508410744,38.34044713086982
74,38.644753797180336,37.59213960548957
75,38.324770749590506,41.747598082375895
76,40.22090958954867,41.88661187203161
77,41.177068220563854,41.28278949871258
78,41.511023175775605,41.964167842805786
79,42.01676970014656,39.544228577849495
80,41.051911842278756,40.74276893193313
81,41.18691622597557,39.44898124864524
82,40.519989559704165,38.53179139661563
83,39.792811572371846,39.349468465363145
84,39.79078340341916,40.74440443260608
85,40.43070674630524,43.17113504556296
86,41.95443361923555,42.276279919888
87,42.3135029669446,41.68025611170302
88,42.29805281452369,41.67313174553681
89,42.253586551603085,43.065320666904675
90,42.87726656651502,42.68119508952707
91,42.98215901154616,41.655008059226006
92,42.586318283450325,43.5168234814804
93,43.288334287834786,45.03327284498342
94,44.319102679784464,45.43456123766357
95,45.08096575581008,42.00208488825579
96,43.83738644435474,44.0921121189864
97,44.27785901070145,43.67656010560867
98,44.141848112530866,44.01850122943195
99,44.31553759771345,40.50393017095568
100,42.676431853215924,40.213687810261014
101,41.762668940712786,39.38511589286341
102,40.77675290317443,35.1300567970247
103,38.20123438176286,38.463230295145635
104,38.566174296188436,39.001627782535465
105,38.844852012711925,40.72269060136469
106,39.959236369524305,37.56475785759513
107,38.99146572316723,37.1070171565649
108,38.382472190284496,40.15355213904594
109,39.45520717123456,36.094829656619595
110,37.9618074136418,36.79344081791414
111,37.709226063485026,42.613321010211116
112,40.26981724414719,45.62810325946914
113,42.99793574781492,41.25082020821306
114,42.37627902983046,43.50302772079897
115,43.33624551547713,42.912014880381626
116,43.32417375180727,38.30843088143057
117,41.131850494053424,42.024503041930615
118,41.88779907129145,39.6207999092803
119,40.873682293799675,40.142579835745536
120,40.78590541370203,43.221218831464746
121,42.163330501574045,42.072394098119254
122,42.2738269438974,40.17635369751534
123,41.52917708562664,43.28627483592983
124,42.65907127362151,47.732543430178694
125,45.28988442610343,44.44954603668229
126,45.04379096525492,45.48399016362844
127,45.62858263952463,46.4345195957411
128,46.246890306310554,46.35778410093318
129,46.52849564000104,46.02491707843996
130,46.53354345123232,44.8747896461321
131,45.968204496531165,44.58975579252179
132,45.54343705101719,45.48191665897045
133,45.727349789307446,44.750174478459506
134,45.439225075313225,43.47099844296489
135,44.71331673876909,42.09596947262808
136,43.67032920066271,44.2438872978057
137,44.17566289115085,42.618853448151214
138,43.5590295561592,45.973387549609
139,44.99625200114282,44.17614174794929
140,44.740950320441904,41.50425275887519
141,43.448990773279675,44.03839799663686
142,44.01465797441494,43.53753375989903
143,43.919682886482214,43.023901747055085
144,43.718857836136024,47.38763587089905
145,45.744603784385575,45.73152749150668
146,45.87342368398199,46.62013532723895
147,46.54887917827007,42.512377992500575
148,44.80369058962193,45.95611984548625
149,45.69001587551784,46.40247934180547
150,46.15442938233424,47.253815166369904
151,46.91730587126403,46.770452350362255
152,47.07111987193463,51.523579177393216
153,49.506070072539416,48.07009112064448
154,48.9546622148754,48.488474906988934
155,49.088266991772855,46.64262486027411
156,48.11700635429105,50.34001491345492
157,49.4618749669887,48.874277817835676
158,49.30445213548053,48.61196931761205
159,49.247790325522324,49.63859999573241
160,49.672247313306464,53.068168272398346
161,51.53187259552812,52.31137560555221
162,52.08542947300859,49.71479941240362
163,51.22146125862336,50.6860416012075
164,51.26617236291445,49.76370331576978
165,50.72184532482258,51.028605117346615
166,51.10850447529792,54.63244119173051
167,53.014097048811486,52.24256474656625
168,52.795682451568744,51.34726796967112
169,52.41092562888196,52.219942100636935
170,52.569589795475466,51.81334887206032
171,52.39757417355324,52.13876891406845
172,52.50450176204059,52.76589619194654
173,52.84558582162343,51.893165808495894
174,52.59245501115617,52.73329568020622
175,52.91108074691209,49.65862483322897
176,51.52577399002361,55.03888442767811
177,53.526533560519916,51.03166086663844
178,52.39624900686775,53.51622928101601
179,53.282720177243306,52.33158003389637
180,52.97916849350059,52.87432600880539
181,53.189814480912396,57.88632227436714
182,55.68287054984461,53.288916783643856
183,54.654548360125865,54.74929685915438
184,55.081971074211914,53.80690807441632
185,54.65143731338143,50.414087056096804
186,52.842022590372856,51.449845639399705
187,52.44291393213927,52.839266577427985
188,52.783646804549896,52.076641396688736
189,52.60789974802604,53.90158280617126
190,53.47471003810611,53.081637651522485
191,53.466653036297586,53.925596624526236
192,53.94846798734769,55.17938580350582
193,54.75879425788811,57.71336358813735
194,56.4093404719558,56.005063859158014
195,56.41673177376698,56.50746167353298
196,56.77089612551761,57.83190678952718
197,57.51740584853486,57.68721698791
198,57.813152662402175,60.32803248946473
199,59.29026434297086,60.845560152914985
200,60.243715590454485,59.53992471487769
201,60.166333395247484,59.53484234842583
202,60.15039960748395,59.91004433473101
203,60.26689548512272,58.63295338763233
204,59.68963995987234,56.913746035090355
205,58.58739947760668,59.544574739953134
206,59.29002779533154,61.201974145540646
207,60.35849739912927,58.099142692579875
208,59.460059640423545,59.439808456021545
209,59.76471732821461,60.716303082510024
210,60.408938626831976,60.23329182990365
211,60.524921104664955,61.39620831361469
212,61.201742332078624,61.411896943285306
213,61.5156077259107,64.89324552397105
214,63.40709113592648,60.68660276060559
215,62.26199026409723,60.84830969084548
216,61.93441222940598,63.053359062990566
217,62.68329989461773,62.45525147409565
218,62.738262655733806,61.63733712044074
219,62.45505215542258,63.04418468935549
220,62.98684892470468,63.926315206936714
221,63.63348090818141,62.03693474871709
222,63.076749900550915,57.42877750909607
223,60.60800301052709,63.84500345133165
224,62.47883471879074,60.93150000010041
225,61.75383692967325,61.485982443551016
226,61.93022444042946,56.76996287498306
227,59.631295023910134,60.96526078368036
228,60.58431046653547,63.5936897210065
229,62.118679960551496,63.6794405396297
230,63.04977825718497,64.4268225387993
231,63.98421710383358,62.212876243809326
232,63.36885153067972,68.51102891313171
233,66.16311440412022,68.30829338712047
234,67.3074794892148,69.25748071806059
235,68.5695695389872,67.2032453750009
236,68.1758099761089,77.0996544352013
237,72.83410470296364,75.98367869261664
238,74.46821103524628,83.06417522379074
239,79.17954586324024,75.5540566166525
240,77.7172027717865,69.4819268495323
241,74.20908736322885,62.95173396970266
242,68.93944760331607,62.74898549170422
243,66.04772149607813,68.55035866758764
244,67.40248627713137,59.54485641124219
245,63.46711555375499,71.88570082941989
246,68.01242442992478,70.92975777307817
247,69.40390347345611,63.740982265496534
248,66.9259712979976,75.64360643700111
249,71.61318823730079,65.70491706866082
250,68.73467363612586,64.43166052675694
251,67.1222832732193,56.20053691783218
252,61.907276387319925,69.17235535710681
253,65.72535144625535,58.33153223218093
254,62.045438142773286,46.28780753252637
255,54.77361712054256,66.23961017328068
256,60.55457691654807,38.65618964276284
257,50.272221100281726,58.338283411204685
258,54.10489534379502,48.46875511578445
259,51.32836214689051,55.33775292905534
260,53.39207999061328,50.10111572195309
261,52.118823215494345,54.53708889021091
262,53.433945788076144,71.71006400062396
263,61.74200991385285,61.53254096548064
264,62.37914149516714,66.11094710541688
265,64.88017871167825,61.95045172698141
266,63.93532323258741,69.1901437498707
267,66.53511996366365,65.82614694193404
268,66.51360251905875,55.30086298397012
269,61.926286996221435,66.21748594918262
270,63.75119424345767,59.03066419088756
271,61.642624378623296,72.8462852885787
272,66.73427708639059,63.4161718462571
273,65.72766687241551,67.82953137718061
274,67.09047157458623,64.93623281208293
275,66.36463598539153,68.93973912123307
276,67.68863154339448,74.80756706686935
277,71.0291080945476,69.79158332204786
278,71.01391624241815,76.54775461306205
279,73.82719134375515,72.84341977961978
280,73.78467391970938,70.01314797378618
281,72.50535612612558,62.70395724796845
282,68.3174475181179,75.28063640064049
283,71.13334185578292,71.66096395686587
284,71.51703614490182,73.5051653732504
285,72.80404390294552,76.16129727622891
286,74.568589838768,71.51614997517204
287,73.62899809117414,75.92487235259532
288,74.83867574010166,71.85401428904261
289,73.76713173023599,67.98446345337491
290,71.45708812753702,74.6953527439916
291,72.81223198884072,74.70398403955969
292,73.79141468177042,75.45408125920477
293,74.87844392055351,77.94243666568727
294,76.5355378884211,80.12393356381507
295,78.4585926577703,83.21841292560946
296,80.95847287541993,75.44695675061958
297,79.05173715382006,76.81759919872474
298,78.26631631402347,82.95428832979826
299,80.29764767220534,90.06141771709595
300,84.84355935688252,90.50225971040875
301,87.97021394974475,88.30274906807658
302,88.76583305931331,90.90381858233593
303,90.10627689455353,85.85093112427774
304,88.52976126479197,92.3568816524062
305,90.3588754083926,84.59304769798786
306,88.07320218306559,82.73062681269057
307,85.87987039562171,84.4566816582647
308,85.16592891515718,92.95646734514632
309,88.62590145724266,88.02246976239235
310,88.76922908496756,87.9273582057286
311,88.8105948907447,87.0349503558564
312,88.21923529404094,87.58114233323835
313,88.08801167964705,90.80913661579743
314,89.44287156720856,87.13424136161683
315,88.71408446968853,92.55154992791164
316,90.62217310207758,97.24724385144414
317,93.80659072823678,82.47820106373061
318,89.3686352554416,89.45855618601709
319,89.5166325739321,94.76562702523478
320,91.72016018401655,90.12714790399613
321,91.35262220745605,93.6272921939817
322,92.67656851393421,92.18717543261808
323,92.70111423972448,92.90008283989208
324,93.05535466723374,97.93814015150518
325,95.39250750157547,94.07157155063439
326,95.16386843849149,89.82976095885881
327,93.1750850376228,97.08400570835461
328,94.93730982912486,88.80011855370672
329,92.44740459448151,91.84417131417938
330,92.36390209489636,98.22048674735447
331,94.93179448722425,96.16588848135028
332,95.79607471495294,96.70948337711286
333,96.60943224299291,100.58274246995492
334,98.61766351460594,99.25781978402765
335,99.23948686133423,105.40387290930519
336,102.27005101630368,108.36376678530726
337,105.3408778397452,104.52878712870343
338,105.55976860156328,95.73264149887102
339,101.6654051796736,106.30179712473162
340,103.67015904607177,101.66004723878311
341,102.82693029794515,100.15861315203654
342,101.96878216210006,102.54474144190958
343,102.33205995191564,108.41954516130077
344,105.11566436591828,101.9095078579911
345,104.1002276248004,104.90879890181188
346,104.78831022205411,98.35506356978549
347,102.1659422895555,102.11889908341125
348,102.2360945191616,106.83869599806557
349,104.25690534105996,100.52387860459396
350,102.95432162017958,106.63044845761927
351,104.81166375025057,108.0469529550221
352,106.40661423100755,106.23875358005048
353,106.72956189174981,113.81217634029251
354,110.10873052726812,114.93297199133043
355,112.59795706568583,113.38639431656973
356,113.50510657036764,113.49882984097115
357,113.91844415725438,110.4963082071007
358,112.69391685546944,111.03868344060257
359,112.118576230706,105.42677676468966
360,109.29376478371913,119.97674241260427
361,113.8918096769827,115.67329217066593
362,114.94126596106167,116.4576973443263
363,116.16487464411178,130.96077456987558
364,122.92854360256011,122.76648534807963
365,123.56732833963835,119.18558846901834
366,122.3601802474886,120.88474017540683
367,121.87020021379402,132.39057977291938
368,126.47218878698095,128.47666744313304
369,127.74226417384307,127.3781714663728
370,128.1943165854048,127.64019031510215
371,128.27345469471948,124.75454194038564
372,126.95219710687908,136.44990780128782
373,131.19221355566833,136.89911942042494
374,133.98712885251828,142.60869529083325
375,138.43652635234895,148.7951189732088
376,143.7408619428534,116.80288526798111
377,132.77626277289528,119.66594676641824
378,127.18948707530885,112.3325241747522
379,119.78507475478776,135.32888973782318
380,126.62067429038602,120.5819826796381
381,124.19483138519522,119.01425502411752
382,122.26859889232023,135.76880798959198
383,128.25460100691612,132.25694365804662
384,130.24595039813096,120.08309785035104
385,126.2835952165053,123.24544189721273
386,125.22451494430524,119.3264608951227
387,122.6117930908712,128.2530679250704
388,125.2239151128196,128.1797513351098
389,126.65167853522473,116.10340447516842
390,122.3414133260807,124.91138979234466
391,123.72810557980509,134.54378346682196
392,128.46126660626044,132.66228518127048
393,130.53033214057677,134.10013496111782
394,132.5299787244632,138.40860535760237
395,135.43681999799574,137.22381033886873
396,136.51236054888477,125.00404675082075
397,131.7485766249244,141.43548870291642
398,136.25864250816898,139.33318473254604
399,137.53816234993158,141.90320133791553
400,139.86120456473807,137.26815505229874
401,138.99621813695495,136.56124030483085
402,138.227910667561,146.80897325572164
403,142.1556473480898,143.3773526044134
404,142.81668152470525,139.26757531359067
405,141.64451611502327,138.13875196334587
406,140.36348724924872,136.4146991585653
407,138.7714054745002,131.72256369171762
408,135.8095125738815,137.6336860276543
409,136.76743458578645,134.401844859095
410,135.77628128765065,131.8171909293389
411,134.2876983884886,138.0098659190981
412,136.10331247410352,127.31185137230534
413,132.3573564031846,135.8610256219123
414,134.19677456640304,119.07829955654466
415,127.64531324206654,133.10222949399645
416,130.2399350512603,121.3826058793847
417,126.36800394241205,125.4841413421987
418,126.24167738707004,134.85333588098493
419,129.98337669149552,146.42386148986665
420,137.39228760499572,146.05815044900515
421,141.70277301066142,149.50993025863187
422,145.80883117297995,127.02144333846698
423,137.89283803665327,117.62853437767959
424,129.05241651778198,140.27160195339798
425,134.22295020761734,136.070650466783
426,134.8296063530312,131.19988583711714
427,133.5245233734332,137.1244881587705
428,135.4227244259617,133.6096852621372
429,134.72278321022057,134.17796924636056
430,134.75155085221155,134.5473519074759
431,134.85138518104827,127.36810821933852
432,131.7264052911346,131.48690831664203
433,131.9123430550075,127.92284413728754
434,130.24319239952143,134.8865172518133
435,132.5375944107087,133.27298144784234
436,132.9649726989553,135.36766538149664
437,134.28423552216992,133.9433711006099
438,134.32813125108464,136.93305219681423
439,135.7211229695519,132.66678024997054
440,134.5417582897658,136.97284773054938
441,135.88621514440513,136.80032229614284
442,136.43275035362439,130.94280081052585
443,134.22339309931252,124.77672721670652
444,130.31014330011297,129.71098728184577
445,130.28350227903437,130.72617591316535
446,130.5571701113902,136.0804607967061
447,133.19368924228033,134.46428629086367
448,133.91012459166006,131.21603589666506
449,132.97124934513585,134.2438803895348
450,133.79703277391476,132.18375489636568
451,133.23182149084755,133.811570931819
452,133.72416351945932,132.3356773739542
453,133.28643857602634,127.31945652036916
454,130.85846741788802,129.47443721897187
455,130.50248219891424,128.12547341660624
456,129.58507111204386,129.7569769707751
457,129.8680638947397,133.56163009368652
458,131.68424155326608,129.87194472122047
459,131.0377357919932,131.54904076544278
460,131.53981889187986,137.05828225162526
461,134.17339532640602,118.57606644226311
462,127.41653209103495,139.65667207995884
463,133.18485801502408,133.34849928745473
464,133.1362830579482,139.36605335694165
465,136.1802376765497,133.9651181046316
466,135.40317670850484,135.4808280740622
467,135.7168781352027,128.80175673180167
468,132.8909737925225,124.71411236089128
469,129.55235664440067,131.57604053358546
470,130.62040825162507,137.41022243194197
471,133.67006405702747,144.08960392145573
472,138.41986672831158,136.10487602400204
473,137.5992219606267,135.5718591409358
474,137.05335201329595,132.16323275255414
475,135.11820175179426,123.73292208497102
476,130.30099317535254,131.26310908975748
477,130.96901223093658,129.63646954869978
478,130.44512015546374,134.70088771424716
479,132.52157875342309,139.10878792553964
480,135.6021041797138,135.35230189570277
481,135.68511585290102,137.83362758277175
482,136.91923304562488,135.36551347237474
483,136.4291614633165,152.72144717978043
484,143.84770994194452,141.9902466130062
485,143.13622960723546,152.07756320373295
486,147.4176251607171,158.13750526861182
487,152.37696134790923,147.08262916241716
488,150.29027834062828,156.39231261797653
489,153.3314861951272,145.43496431794577
490,150.0208330963522,146.7851742977814
491,148.8549691330088,150.34768075393117
492,149.64371142679562,138.03325953595765
493,144.69867428921623,138.47602584167174
494,142.1787812420806,148.58272945505533
495,145.07792777706982,121.74970064094089
496,135.0401490507244,139.37094427266894
497,137.13670158138282,140.9030671825332
498,138.6470095161332,129.81840989552603
499,135.08791327236833,121.2652132579471
500,129.3786991435501,118.69040719242173
501,124.7627634167694,125.31152790612565
502,125.00796205348318,107.63921388460427
503,117.42015127739576,133.31819776845117
504,124.41286484128642,126.0150915314095
505,125.11595291607264,134.71662031515572
506,129.72027730579137,127.81912102532246
507,129.21514220218722,134.75822228668818
508,131.92296222943548,134.43276291152904
509,133.24608688293034,133.8708820484223
510,133.82209276231544,120.99258072648843
511,128.5274893825475,128.75523448282613
512,128.7281986002771,135.85373491379914
513,131.8432984772498,130.04821071937306
514,131.3128096192217,121.74574921795369
515,127.48065251961168,123.67775030088202
516,125.9884761805706,131.53557928064922
517,128.452538393672,131.10517400218296
518,129.757388681758,127.95198082302565
519,129.25646819396826,138.0547748234153
520,133.30257240740426,143.48166467215506
521,137.9247874287221,142.0485424133685
522,140.07664328733085,137.2948413470781
523,139.21841309684388,143.95772052455888
524,141.54307667658125,145.3611326589328
525,143.37718055114985,144.94170158638715
526,144.34065913024244,160.16659252952473
527,151.53726850001277,162.5299565289274
528,156.70960432567773,148.84143360790154
529,153.7127510544832,169.08941217010283
530,160.81535513640384,158.21502207278272
531,159.83319450217593,147.36599049693095
532,154.8808928184442,148.99888815793517
533,152.4443211886496,155.59624460857634
534,153.7782845904579,143.8742730322647
535,149.54810339868268,156.0425538451814
536,152.61932895138509,157.7237036116795
537,154.87977272090586,153.02743991986603
538,154.41896812363308,151.37895732888921
539,153.4076956349469,153.58019507416338
540,153.64604742773267,147.0913396688173
541,150.93453602168984,146.20666326184897
542,149.07023670099474,138.5814965625398
543,144.54411117252585,145.1729361970153
544,144.89630096310447,146.33963771362664
545,145.5304032836255,151.14440952865135
546,148.2153786751272,137.51544508576566
547,143.80491886904784,142.5357320172494
548,143.54949186639746,132.39963906217994
549,138.6768267881069,135.0684258010159
550,137.23072492629845,148.4013878079583
551,142.10746357299482,141.81728630240573
552,142.1409558966755,138.25737651851375
553,140.86615132098424,140.8764204557892
554,141.07587906375142,151.75293508515148
555,145.8644877002891,154.46827896029822
556,149.84468851360916,162.5448263390243
557,155.89954444318025,157.2910714283074
558,156.92509493965207,157.136698227492
559,157.47059380284844,152.69549268803064
560,155.59170044550996,169.72478425141617
561,162.0182234855068,163.9374315443699
562,163.02149652618826,172.55727091599684
563,167.73126447790835,172.08558004789617
564,169.97211627121345,181.7731752655011
565,175.65754533526209,177.08808872517224
566,176.70089327676473,172.52871350042787
567,175.302173358327,172.2424646410722
568,174.15318263976877,174.91979901582891
569,174.59750141651747,182.45504885099197
570,178.2565206474995,182.5736875348354
571,180.4682488420167,175.51764116189338
572,178.6504970060259,177.83703283199827
573,178.56036726817834,195.1885742455889
574,186.07926781015948,187.25401911519833
575,186.85714499821688,181.61479180739042
576,185.0700897335324,193.04059885621788
577,188.86385872263955,192.9462116458793
578,190.7846162335857,193.54297458237423
579,192.4106039352803,188.53060915461114
580,190.99597051937275,209.0489304955866
581,199.29356732606658,201.9007285373749
582,200.63638028221214,199.3126429853197
583,200.68395116154926,203.9021393178151
584,202.42221777299338,207.83630259581153
585,205.02506507413167,209.31798216174062
586,207.25193652405156,200.47559970159924
587,204.59242403777137,193.73998761874378
588,200.05991545312224,201.55819420159423
589,200.78830733248066,210.26490161470105
590,204.9752782126433,200.46508006849226
591,203.166915839593,193.77616388674397
592,199.43570317005998,180.4309883910782
593,191.0261874289185,172.86164026993407
594,182.72777238201965,193.8388970865282
595,187.70888738575954,185.60372992022494
596,186.49872766452197,201.77340404830764
597,193.8507933048846,198.59371221908694
598,196.17121143776052,194.992319385369
599,196.0978720842485,190.06525216049292
600,193.65274649799514,190.97315372102
601,192.64023476927326,198.04814382736447
602,195.22161216506836,198.5739206019795
603,196.89714502352462,193.3683641617991
604,195.5786664577537,199.73836432971424
605,197.75736233784608,199.12318855172987
606,198.51391676837505,207.29070042509494
607,202.786939012481,210.39268143633717
608,206.47953168489087,201.0513644773644
609,204.328190365987,201.74913785323028
610,203.51637038859926,195.81412878804795
611,200.13446509785774,194.3441500044429
612,197.6814303063716,201.07553749229632
613,199.3492241303375,205.0543534317658
614,202.06734542937144,197.29251561670438
615,200.1233869471113,189.27113318178638
616,195.49071994027537,185.85579830645923
617,191.27358272832242,205.43947533460482
618,197.8973542832817,219.23961345544967
619,207.70299598265973,231.56304804060755
620,219.26224022222257,216.49391364466308
621,218.223068351035,225.73330012107385
622,222.27556051772095,219.66652223778365
623,221.22500710982666,231.7143387163481
624,226.44695011176177,227.88568981682712
625,227.3132808146334,220.51695603912066
626,224.4028193146286,224.77760661764333
627,224.86419844702743,223.72738788058638
628,224.4749798982181,232.81565821355062
629,228.62129994610015,225.1324967546063
630,227.1607356280763,219.78492671694968
631,223.9892099995338,220.0671301499718
632,222.38119424712812,227.84832931658877
633,225.1193099272582,218.51446959001856
634,222.14819019164284,222.92519841950312
635,222.81025948437548,224.66171800805995
636,223.85159328105604,221.42482381526887
637,222.90315819455958,215.46424993203306
638,219.65492772780854,203.09067416061922
639,212.05844829492332,213.46865814520498
640,212.9657377064466,226.8344324968653
641,219.5665183706074,230.53989011343572
642,224.86674756953107,216.80416794834366
643,221.27128394663225,211.98607601786318
644,217.29950935185136,197.34890272391615
645,208.0059868309053,202.99660807704223
646,205.8750942687684,209.5005271297835
647,207.71617182187543,207.7403883327495
648,207.8120632719555,187.13969124566077
649,198.14166523572067,211.21833382776163
650,204.82858579947683,210.34278840229777
651,207.3332529271484,214.23697146973603
652,210.78221322792248,206.11842641402623
653,208.8363750085833,205.27865927283167
654,207.44006587355946,206.5593875280671
655,207.28336439033276,212.05736406697312
656,209.72533642250934,225.68636573957903
657,217.53088611808494,220.08028310497565
658,218.82545390371914,225.57162499971346
659,222.3763424663327,223.8207241669757
660,223.30453529443668,219.00977218098524
661,221.47057597693183,232.74781903754112
662,227.18272362144674,227.9781619240359
663,227.63350794391354,235.78438240140522
664,231.80975362170574,262.9816306181548
665,247.11939107671833,242.26214523108388
666,244.74907857787417,253.5259134313917
667,249.49627374174196,262.4822388631584
668,255.9180401637385,260.88853758081984
669,258.51322642116423,269.5631157250429
670,264.23057988584196,268.07623621277367
671,266.33754951630806,329.81142528167516
672,297.8734557423605,297.8312118581072
673,298.52649290962745,316.0952545405984
674,308.0122323605244,305.64424569406003
675,307.3720396356476,281.7510635195345
676,295.15641312555294,313.039583723591
677,303.6521913687438,305.5142517093812
678,304.68614009021854,295.71633898467684
679,300.8581054604151,303.51231415542384
680,302.324034848349,283.6548239327217
681,293.4080478013547,340.36912273754757
682,315.5589554961274,345.4002895017669
683,330.79988086006125,307.5171894936337
684,320.2564237255516,314.03261306875993
685,318.23872758815565,336.4433230056782
686,328.4158131810745,302.41249161070783
687,316.75185226600223,350.4927752016492
688,333.2740226099469,321.670069178841
689,327.71940271139516,300.34964459219754
690,315.8394871075055,327.33633210256613
691,322.23632890513693,293.03795431795425
692,308.15780082582114,292.5222326496578
693,302.36737309833177,347.45979867684525
694,323.523693544351,314.1811633201205
695,316.81455154956035,291.9787984003603
696,307.53517412565094,297.02407572001783
697,303.6177264187815,260.84920577089287
698,283.9907883375314,283.3398810695884
699,285.86830012,325.12231063820155
700,303.0867717224963,265.32177180867365
701,283.7167629446237,271.3027836752875
702,280.45947728850865,275.5284980221069
703,278.49357536516106,303.87602826871955
704,290.8167246121906,297.8751442294575
705,291.94250760733206,300.54085494658676
706,296.8993144922525,322.254818711563
707,307.994129983177,298.77400604692673
708,302.837406615385,296.7974048374997
709,301.56820946515967,290.86131735284874
710,296.74878533239996,292.0850523677
711,295.4788324159628,307.69719540236605
712,301.1572659052724,285.2904320008288
713,293.17154665038566,258.8825328331316
714,279.0137885764378,285.3409968900882
715,283.89511548089746,262.6450468794389
716,272.6935575667636,275.44355490171745
717,276.1593468584752,281.28065174723
718,277.39704227136855,282.9786681346773
719,280.3909058639417,251.39919971734184
720,266.7186648610798,272.25303189704834
721,271.8530187310063,247.61542450806076
722,259.3559653316857,242.15251844065983
723,253.89768093664048,230.21973544519545
724,243.00718343466406,225.37613561255807
725,236.33986861892672,232.20996352214078
726,234.71327461347957,212.74509019818882
727,224.638383670753,231.2561719631753
728,229.07106532572104,210.9714811366279
729,219.77704330731598,237.17440393955786
730,229.47781982405743,261.3226789639675
731,242.64560934740055,250.19990970696225
732,245.4540491018415,258.86772420852986
733,252.16951346087149,227.07167906727335
734,240.80318395572246,245.5073820487245
735,244.11517742195815,251.72120910400469
736,247.25392416764092,255.26040637855127
737,250.9962573894086,283.3230233510203
738,266.19004170982817,250.65306730990903
739,259.0573559891713,219.2933501382434
740,242.414880442524,243.69387176827996
741,245.03254113510346,286.64886590246374
742,263.5453917439562,267.29084933463037
743,262.77706915293436,226.51475144000693
744,247.24103583963708,225.74472856436986
745,239.83327280895935,229.54407319847166
746,235.45128576676055,213.3928728867276
747,225.28551592165107,250.3129926832493
748,238.77015274609522,245.6184306232209
749,239.37170199173346,248.03130697748958
750,244.517127919501,225.26661388889724
751,234.67608642693347,249.82482339992362
752,244.11381828594406,231.3023977850398
753,236.08035424104722,222.56007372533483
754,231.92863222033455,195.87846133188103
755,215.0741735191734,215.94328837233277
756,218.17207165030504,243.71671829705974
757,228.86047765357324,224.8423001296337
758,225.71377638008897,215.8822133240431
759,222.33535553948215,204.78286820296094
760,214.65024709327042,245.51493467122924
761,230.54378868641794,260.5281872362276
762,241.86397751628792,253.11177151965032
763,246.61261816599983,282.00087145620967
764,263.8528863006972,271.1256131811162
765,265.3161928179404,264.58485084363485
766,265.95857782879574,246.93288851533856
767,256.8602649602242,306.5492407050781
768,282.49646752934063,272.6461882991124
769,273.44654282276264,289.8147796272114
770,284.3036858980276,289.6177067699297
771,284.7394195366279,269.071295536438
772,278.4493354031478,267.45840770533454
773,274.1348812843242,261.01401088394977
774,268.5926455208499,279.35237745117314
775,274.3595206855728,245.1605847843178
776,259.62598597599714,228.47213562957938
777,247.51275343373607,237.88966015317038
778,243.91438575328087,219.89654349677252
779,232.42174731336596,206.53887704356762
780,221.37802144098592,209.77738601153638
781,216.83882818595205,228.44636522191539
782,222.76860929182195,203.24398449423077
783,212.34752218828436,223.27429212488084
784,219.73012318341793,225.3348581068195
785,220.93778466322655,208.85081140783936
786,215.7193734442165,188.1273436552632
787,203.41283681021253,187.60292155359514
788,197.54053139375924,201.7765586918502
789,199.81560179725503,176.90888025818018
790,188.27258931705225,180.20484525692044
791,186.27068003332988,210.49648092597494
792,197.93767769392423,173.83317651659746
793,184.6726230964494,205.53715516287946
794,197.55360011742343,195.78481722534238
795,194.19023861635534,212.30741702342854
796,204.57275765270296,172.8672098716386
797,187.7529155091869,185.48946788147816
798,190.08118684009193,150.37265806480767
799,169.89375658343957,182.36918079763151
800,178.82775133687753,155.52784081043083
801,165.81707787809378,157.63080576139086
802,164.2884358363301,190.94414046304735
803,177.63094300924357,168.5031199917673
804,172.26899953083728,190.8230883851631
805,182.14068767382557,157.42608740567275
806,169.50723549189544,172.7443594659426
807,173.23121216494508,161.88820211623624
808,166.92050047249546,171.35193546933613
809,170.33518245626644,153.5452721077671
810,161.6984369899332,178.0311991874874
811,170.96134169219263,187.1040035085749
812,176.98990612552572,199.2591020110556
813,187.82512278578346,185.65249731858498
814,185.8420247285134,180.30921377176603
815,184.48480747338283,207.8514684219228
816,195.49871109324152,179.65814453386037
817,187.20054263571964,188.15619349227873
818,189.20457397181457,190.25686584918077
819,189.2870501945205,184.12006560122725
820,187.25394433199213,174.07636226609137
821,181.36956805420542,158.65668883204793
822,171.56422246164607,142.1422936012354
823,158.52384103465997,159.24387555636636
824,160.11643658810624,171.81346399001876
825,164.970119973646,147.5151458802263
826,156.52460794746702,161.03735491116794
827,160.00948438018938,172.3314399625459
828,165.3229136441494,162.25907794054453
829,163.98877968788122,160.53586917407836
830,162.91938959421407,180.12542240247478
831,171.38053904011775,166.65129277207706
832,168.29910780625636,151.22259539950937
833,161.27502262105844,150.07062240915013
834,156.7599912685584,147.37950003096785
835,152.78733734501503,138.43135782719185
836,146.32174103418672,153.62004495256863
837,150.60157583961882,152.9261536277312
838,151.03994482301894,166.34216292172633
839,158.78451237393114,158.406760357621
840,157.83926797426844,145.17170452268684
841,152.69574020974014,149.33839221849016
842,151.5894330961559,152.5386117430813
843,152.13589416881894,155.8628452879796
844,153.91105714456816,161.7493219414399
845,157.76602865235688,164.61606454164146
846,160.85558230964773,179.21725431778412
847,169.70684819101822,186.7572258914174
848,177.19730233792748,183.77072148750935
849,180.21325554344492,166.1143390051002
850,173.65710674076075,167.0043553994513
851,171.6578159268156,159.88141487696402
852,166.06795643058874,190.34326146595666
853,178.4980966256214,182.1055008760304
854,178.63353843514653,184.33393327959806
855,182.34629764465248,186.81383177358518
856,184.07256018898104,186.7570942690554
857,185.80811697907217,192.37128849433748
858,188.8410437444196,195.85460629509873
859,192.33090264875392,187.72579692080325
860,189.97831911114255,166.08331782128866
861,179.2915358506625,162.91311038351796
862,172.66406425575417,190.42668826209098
863,181.6599391323701,178.2336283302611
864,178.84123845630438,195.19271641214772
865,187.70744641765378,193.54351417801502
866,189.47287802321972,188.0901331364671
867,189.4561118493104,177.4901545352073
868,183.8255998619613,192.07940080336195
869,188.82128496456443,169.02969641709984
870,178.57760344305626,162.1930950767263
871,172.5279575794354,172.0838558353252
872,172.50075914128595,172.91966392499822
873,172.83128005389608,185.87436875173177
874,179.08323628613056,146.59562163800848
875,163.2178116664738,152.6804041890555
876,160.50719879457864,150.30139548464956
877,155.2813653780733,147.35453793203868
878,152.29066843775817,127.15112125296523
879,140.3035239494186,133.2097869356789
880,138.48277480147846,132.032311579564
881,135.02557674707245,139.89332862587904
882,138.06262617128795,142.38614640655857
883,139.6694245280711,148.37796337394076
884,144.24956247494126,146.19490267131997
885,144.823466499542,117.98086368915773
886,132.42670516314152,130.39198402853177
887,132.95372893503406,126.93496358695387
888,129.66551168082083,134.78440504804956
889,132.750415026658,135.52218539292437
890,133.71890014894618,130.09745290675986
891,132.357635999384,133.19487197180933
892,133.06447285406176,118.7227417871774
893,126.31902983368289,124.35452311680234
894,126.32133484747719,119.12771333820321
895,122.74268381912603,125.99443177244197
896,124.96715464487606,130.42712102484361
897,127.32056807624534,117.44831415288635
898,122.72701931741449,120.26953813738422
899,122.3019893517577,128.68653493637783
900,125.47495912058346,138.42680779540163
901,131.56443467388127,132.91567681555014
902,131.9095973433284,130.73175389163194
903,131.83821598449182,110.08023928418112
904,121.5542321709864,112.23815100728966
905,118.46900563497977,114.35454954094644
906,116.44591781703146,114.28040864857523
907,115.79627564454943,123.9484725360269
908,119.81218222061554,105.27195331037507
909,112.6319610513328,125.24226484059731
910,119.87820668775102,120.4248789571579
911,119.19305020289072,121.89202957458035
912,121.24483708162126,123.05712402377694
913,121.91514517102053,127.78471750808714
914,125.17600528071524,127.2203595614097
915,125.89360216897471,139.59799676939699
916,132.9510180655767,125.41709179252035
917,128.67511007491356,134.8277536554479
918,132.80293969889885,144.58774732940623
919,137.8821760083226,132.3837276490203
920,135.289525979717,135.60896716518116
921,136.01325177140828,128.98888506636408
922,132.7677631884889,136.06633843486884
923,134.912135839439,148.88517217704813
924,141.4798797732109,144.95253702632485
925,142.78307808358952,149.27458368901793
926,146.29303624750145,129.59281826780312
927,138.1314741718993,177.04064303157475
928,158.12166543093727,169.5858382966018
929,161.1765372399138,164.04996468607342
930,163.62213775796104,169.76934515182134
931,166.36424570350687,152.25305838476334
932,159.9576985583578,153.7761348653597
933,157.77728134042997,151.26929060942587
934,154.95847471352508,152.00148040245696
935,153.8652361995133,167.51911952030102
936,160.6828665381287,170.2973031866256
937,164.7119607169642,160.7500706913877
938,162.94655010621884,153.7094287884755
939,159.0564555024981,154.26050822530797
940,157.36046134194453,181.8264286726009
941,169.34237568544356,174.07341645352588
942,170.4388154302234,166.78423501794632
943,169.39720007908426,163.06794130829445
944,166.64334263066732,153.64952300734078
945,160.9721389317108,162.01895456894533
946,162.09410031801298,182.14689533876725
947,171.65544590130196,168.8738665035595
948,169.47947709831269,181.013515453407
949,176.0224738884145,186.00096328938852
950,180.1382620903704,173.49663630112434
951,177.15696713511548,161.97534472209182
952,170.4290306283194,161.58367532963118
953,167.10910382683727,158.87259387550955
954,163.2922993166036,159.09252779217252
955,161.81467774113142,168.87832564797915
956,165.35485557453487,142.03017349855853
957,153.89482916017798,150.32846158490966
958,153.85193016479835,129.740014982777
959,141.7980436409218,139.38204163511162
960,142.3171497206685,150.92861330733137
961,145.8314068313592,147.01447021555774
962,146.51161740102043,139.94563302857455
963,143.41649189287511,151.933476120421
964,148.32466636339007,137.6777417520808
965,142.55932235870972,154.74850092152178
966,149.68633098943894,163.7052422254239
967,155.42990821080292,162.89686335620036
968,159.21061233841246,160.8401960718053
969,159.85440255192236,170.59053641020535
970,165.5848910178497,172.85304313953134
971,168.57838424038317,185.61318069850347
972,177.1584617548073,170.6823349457733
973,173.31694243432057,161.87090432156597
974,168.97213883871402,188.40655944624385
975,178.72363588128044,206.05692216118476
976,191.12588193853185,194.15838662535907
977,191.8399872896415,194.21721562425506
978,193.7844474084093,202.62618292845517
979,198.082138811771,209.65715234794274
980,203.65404832549052,179.8138095311312
981,191.78887744030587,198.91510150830752
982,197.14266600350527,222.9653568579144
983,208.60085726890276,225.9517842815352
984,216.477856309406,205.23561861992673
985,210.70223132575293,210.92206244417693
986,212.22274720448607,232.06157089347917
987,221.51819756273053,223.13897298709705
988,221.69889022975406,224.8649622632841
989,223.7785445810509,201.92346551248355
990,213.17851084390426,222.84150436196543
991,219.4311016547684,241.17954754954675
992,228.89731498539342,226.6460441109887
993,227.40771123359082,212.3646857992499
994,220.78108936050685,207.42613723967284
995,215.30317119395195,198.6851913724772
996,207.64425450748251,208.23346450137905
997,208.8028797686366,265.44309971482284
998,236.15163607646105,230.28403859533387
999,230.43886755938541,238.26208929471005
1000,236.5578116791322,228.41314973292376
1001,231.59315189485685,222.58146516570147
1002,228.682623869265,238.2510826482864
1003,233.24773603375735,245.33713790917858
1004,239.01394600989153,232.26710962824154
1005,235.2653729234561,230.51449879518364
1006,234.07768194489674,250.184381964344
1007,241.94764464969114,227.46032810779332
1008,234.2693001990339,224.89396116825182
1009,231.1879579036844,228.9862469428007
1010,230.27904685081128,251.7339119697797
1011,240.98948277789214,244.17976189330767
1012,241.32980569042107,269.2753671128454
1013,255.8138269713846,259.16397849407525
1014,255.84638555231538,261.7710339289621
1015,259.9239013827346,264.4189047560002
1016,261.57172124718386,268.09398228068255
1017,265.295246618435,278.8617662815437
1018,271.5302632124141,264.3613634299256
1019,267.9417309090079,262.6645386674976
1020,266.163536620623,262.6859243105942
1021,264.7865502067542,275.50428092174
1022,270.2957813594659,277.96517417406153
1023,273.5470901112141,282.1358670487371
1024,277.9140885033647,281.626125988921
1025,279.55943996041367,269.7021357030079
1026,275.05835500790465,262.84635369413127
1027,269.8489828708644,271.6001878418355
1028,271.3379207970103,281.0903785268994
1029,275.87773930873453,267.9333027133068
1030,271.788927374834,258.1971234725286
1031,266.0462506893313,263.8466876820981
1032,265.6479484488389,270.39259566482
1033,267.97504023140084,272.5980102998225
1034,270.15637258897544,283.4882620540795
1035,276.78194906684513,282.20029177759153
1036,279.0059601961939,263.132812601831
1037,271.5573573419683,271.0202676012203
1038,272.4643798700089,269.3364936865821
1039,270.67513162076386,254.6013302092399
1040,263.3268681345139,276.24467241852756
1041,270.5635118181624,274.9747085793291
1042,271.76729208940384,283.2778809229529
1043,277.8970416206697,300.6461643574015
1044,288.5278939605391,275.88552677783565
1045,281.7608110942272,273.9530746625782
1046,279.41846222877706,272.6374714891795
1047,276.23452684840123,298.05274578055077
1048,287.4859339846323,296.2898583079817
1049,290.4172817006533,280.8095195892694
1050,286.3287910796334,291.4786384665793
1051,289.5240429120159,282.82916475995825
1052,286.029929435044,281.031661115701
1053,284.3190705403673,295.3623471278303
1054,289.9596585236343,294.96331182687913
1055,291.9126904025363,311.7664829496198
1056,301.9263612973561,332.0127928749194
1057,315.8802672777325,309.39825816261555
1058,311.855001913572,311.14448976993026
1059,312.8644431780533,301.5520303853889
1060,307.1567837937722,304.04781477801464
1061,306.69920702269064,453.6843945800315
1062,378.72561218024293,401.5922343999115
1063,381.75548935005827,416.92492748450593
1064,402.94614008495347,353.6099870631545
1065,376.8814442486884,417.74751302605756
1066,400.0556458541611,388.7325297013809
1067,392.0839976379375,390.51145310490995
1068,392.50853543748184,381.3055173392058
1069,387.2007978817419,362.78187287245237
1070,375.89051433573337,394.99214882641417
1071,386.56540582424003,390.15153130365917
1072,387.2783558296624,402.22674870442853
1073,394.8774674521367,425.93869630199464
1074,409.7677080793055,450.3323944254505
1075,428.9183647162817,423.8578632589418
1076,425.08384146313637,427.93319203322056
1077,427.450268617187,449.3452520074735
1078,438.3655646913999,423.0400497474429
1079,429.9579555547931,430.2211692177556
1080,431.3114142378831,413.7985238270659
1081,422.64936921328103,390.37029919422014
1082,407.62407322963406,430.7456007296403
1083,420.61165282791575,403.3240249178804
1084,410.77492332431626,405.2954087912405
1085,409.36618241353756,437.605817681189
1086,423.45740289070795,425.5886946818666
1087,423.2929925447324,422.61595138539377
1088,423.43214054385294,418.9865021800392
1089,421.5401991128565,428.9914592031339
1090,425.62207693683354,418.6019565349186
1091,421.94849517939883,426.3268757579972
1092,424.7483522372172,453.9727626093252
1093,439.10953279380624,480.8964879632281
1094,458.82413627835047,450.3263584872211
1095,453.18262758513816,475.150226638323
1096,465.26696484873304,485.44892765624894
1097,474.41698185486024,467.0354354020463
1098,470.8853784381307,439.2776722910954
1099,456.02751473230467,430.703540626479
1100,445.0359363344352,448.5905952705606
1101,447.81078636517555,467.0455517346551
1102,457.11419035733223,452.3302570433121
1103,454.01363397742176,463.7808364519987
1104,459.59355009536324,476.0477802063984
1105,467.5106907564576,467.3128803157565
1106,466.9166878656305,463.14574511616
1107,465.4674431498421,420.34873771645084
1108,443.31384163400554,447.3653122836294
1109,447.7950517790142,447.74027726168094
1110,447.2127510622792,461.45300561914013
1111,454.56507908711785,439.18418835966713
1112,446.4081927634966,404.5976391796511
1113,426.6654271199638,421.84871872712785
1114,426.49732519067794,392.40929822925153
1115,409.2928735891741,466.2056411170541
1116,439.44055195873847,441.12834311142143
1117,437.36410374481744,431.0945132392829
1118,434.94023894100644,432.2503185501091
1119,434.18837935351524,432.4761959929355
1120,433.57893150060585,506.2877385504691
1121,470.0023550886786,444.2366281180094
1122,453.81153234426597,486.6240470353956
1123,472.1498050829028,472.5107855617047
1124,470.74107096084293,449.1285505770199
1125,460.6484507564676,476.34779728174044
1126,468.7805365107736,508.13926142603975
1127,487.3024864517094,498.1533195083784
1128,491.1334851650358,495.2389577925333
1129,493.3057737113709,477.00149758514647
1130,485.4187398966087,485.81338705215035
1131,486.66077029203547,455.53637726829396
1132,471.3418859730046,453.77329805620076
1133,464.42466019663823,448.3748457878131
1134,457.18624387714385,447.31846217215343
1135,453.0549756830303,445.23080612088665
1136,449.67812408036457,460.7300916526028
1137,455.6136398595171,456.7395799959784
1138,455.77844585987134,422.31833251056867
1139,439.53991569479285,440.0227319064378
1140,441.64171327522854,430.2995306744938
1141,435.8039921653061,409.36235517721366
1142,423.4105534023658,397.5812418184632
1143,411.9279717806504,421.4631589365432
1144,417.74383169046513,428.0117254052075
1145,422.274438073241,416.1243022900898
1146,419.060736850389,430.36220490907675
1147,425.3136769653151,437.16695598335053
1148,430.79969411287146,439.3443919581238
1149,434.81802343209756,460.9293495003975
1150,447.77221327086056,422.8860696139527
1151,434.52824797451257,445.808395562635
1152,441.8006743163682,453.25532209758745
1153,446.85334156419486,468.56931201061997
1154,457.4092052873261,448.2217859902942
1155,452.21437798225327,463.4736611094978
1156,458.69560178011204,478.2199681697018
1157,467.95849366464626,471.1581923846473
1158,468.97753158656445,440.0833099263254
1159,454.9707686210896,467.1411205059971
1160,462.6386483977577,417.57118629306103
1161,439.68999397395777,404.09061870219256
1162,424.4663940582957,419.2996768955694
1163,423.15309000958234,406.18987893519613
1164,415.08084711592886,444.91205248076227
1165,430.23249448934143,444.11997518930843
1166,436.03870462732567,399.1418508515981
1167,417.775733962305,388.55105648161134
1168,405.4490742370999,406.1039084508502
1169,406.94830265830933,417.68862185905516
1170,412.0987039260463,403.94806858059695
1171,407.72630797281766,438.8101573106656
1172,423.95899140559357,447.0153626714557
1173,434.11169302767564,465.6155893740539
1174,449.40413639809054,465.49977098972164
1175,456.4000971555888,462.2818637219975
1176,459.89574372874966,471.56908347601
1177,465.6873266505101,473.6552176667354
1178,469.79266488414675,497.040331903079
1179,483.4346347022956,489.3021304173276
1180,485.6822048067281,507.0786383695853
1181,496.99352050770887,481.13455708467353
1182,488.2818983719619,501.03995448770297
1183,496.27204079048363,490.69790180659277
1184,492.4671156302164,515.754905482361
1185,504.810121922214,494.78574524602556
1186,498.97851053493105,475.0240220567533
1187,487.94199432658894,468.2214564428546
1188,479.14294688867955,486.85374515174095
1189,483.7459951398958,473.7827131231505
1190,478.3376286034247,484.5961062142833
1191,482.2286117709667,453.939758061858
1192,467.84145884903575,467.5823695202484
1193,469.20388013674403,442.3403560778098
1194,455.5371650331805,476.124390754009
1195,467.1589640056392,444.27465033213696
1196,454.7391687603932,476.87621916988746
1197,467.1862499107733,484.18189047742555
1198,474.76148567662705,457.6529080041391
1199,466.00899285915943,486.93085999670313
1200,477.58449113802186,485.2807768499542
1201,480.64120970022464,486.2158843492291
1202,483.6724548455978,494.33442552557983
1203,489.17672289408654,512.702770821751
1204,500.88957403523926,491.429698379796
1205,495.7157485309224,466.17075312128975
1206,481.86863066803073,498.5478726107855
1207,491.5040220748811,486.5949835615019
1208,488.1571804295804,497.32136970024374
1209,493.35147891390983,495.59674841102986
1210,494.2841828365193,496.3415308751259
1211,495.551554764348,495.2655322359286
1212,495.5825191706676,468.1632223980752
1213,482.1550513563412,469.5524614210388
1214,477.19997699259767,484.0364969527072
1215,480.9581994274532,501.8677997487172
1216,491.1584515533784,554.2146560908534
1217,522.5356707822314,540.4014408402434
1218,529.9963481477005,555.6578400084275
1219,543.8560641444044,552.6077842206325
1220,547.5580733328088,546.3894839611803
1221,547.5772913738748,580.2359780100936
1222,564.5658950608308,557.1609383445762
1223,559.9489387681299,581.5975576899848
1224,571.8619229088821,618.7308874328538
1225,595.2137090539262,597.9310540556086
1226,595.6828725326219,600.7948638970312
1227,599.1217455955715,628.5068820365601
1228,614.2403004825807,618.5781060107646
1229,615.8275099683391,604.3535149592254
1230,610.5102477333096,639.036430786319
1231,625.7130676882841,630.7421701256465
1232,627.4154286007051,602.7223059154769
1233,615.3208799431369,645.366447649155
1234,631.7269317217011,692.876795612657
1235,661.7975904022614,724.7283235363816
1236,693.2921939841913,670.1363960912634
1237,680.2809731053325,720.1199049745397
1238,702.6905346603764,691.5432347057888
1239,695.6898442358813,746.1971104880338
1240,722.5995894510029,723.3759087646342
1241,721.8526539514875,719.6581116033298
1242,721.5849042650237,756.798907149218
1243,739.9939216227217,713.9042210718317
1244,725.9146718066867,725.5707202233235
1245,727.2097769965777,663.0988309231535
1246,694.3918155707482,655.2647396176377
1247,676.0149469554831,897.1514854211496
1248,787.0652745116154,792.2574659844631
1249,778.1473944460557,798.2610916230666
1250,794.0703671688098,780.2234967752629
1251,786.785438146521,766.4033215861522
1252,777.5543301606295,805.4845457212713
1253,792.5412143163916,854.2860556598963
1254,822.1785507042862,882.4927535703825
1255,850.738468664399,867.4805892410651
1256,857.6735200178788,915.0553768384292
1257,887.6230438835586,966.032054595764
1258,926.6722512580914,823.14356270285
1259,871.4176684443597,841.6018971460029
1260,864.422986978282,977.7693758030138
1261,919.5854838744272,900.269755036019
1262,902.9216121695702,852.9036294669961
1263,883.1252603769541,874.4023119609022
